"[['Nombre0', 'SOCIEDAD DE EMPRESARIOS CRISTIANOS DEL PERU S.A.'], ['Correo0', 'sodecsa.inmobiliaria@gmail.com']]","[['Nombre1', 'LOGIN GROUP S.A.'], ['Correo1', 'alfredoganoza@gmail.com']]","[['Nombre2', 'KLASS INMOBILIARIA S.A.C.'], ['Correo2', 'juanipareja@speedy.com.pe']]","[['Nombre3', 'EDIMAG PERU S.A.C.'], ['Correo3', 'marcel@fernandezstoll.com']]","[['Nombre4', 'INMOBILIARIA MERCEDES SOLIDORO S.A.C.'], ['Correo4', 'mercedes_solidoro@imsagentes.pe']]","[['Nombre5', 'INVERSIONES TERRENA S.A.C.'], ['Correo5', 'informes@terrena.com.pe']]","[['Nombre6', 'MASSA Y ASOCIADOS BIENES RAICES S.A.C.'], ['Correo6', 'ventas@massayasociados.com']]","[['Nombre7', 'CORPORACION TASSO & ANTEPARRA S.A.C.'], ['Correo7', 'tasso@corporaciontasso.com']]","[['Nombre8', 'MY HOME ORGANIZACIÓN INMOBILIARIA S.A.C.'], ['Correo8', '-']]","[['Nombre9', 'CECI CAYO & ASOCIADOS S.A.C.'], ['Correo9', 'propiedades@cecicayo.com']]"
"[['Nombre0', 'URBANIZADORAS Y CONSTRUCTORAS UNIDAS S.A.C.'], ['Correo0', 'gerencia@urbanizadorasunidas.com']]","[['Nombre1', 'VISOR INMOBILIARIO S.A.C.'], ['Correo1', 'visor@visorinmobiliario.com']]","[['Nombre2', 'INMOBINS S.A.C.'], ['Correo2', 'inmobiliaria@nuevasudamerica.com.pe']]","[['Nombre3', 'BIENES RAICES MARISOL E.I.R.L.'], ['Correo3', 'bienesraicesmarisol@gmail.com']]","[['Nombre4', 'TU SPAZIO S.A.C.'], ['Correo4', 'tuspazio991@gmail.com']]","[['Nombre5', 'PLATAFORMA INMOBILIARIA S.A.C.'], ['Correo5', 'plataformainmobiliaria@gmail.com']]","[['Nombre6', 'SANSEI S.A.C.'], ['Correo6', 'carlos.leandro@sanseisac.com']]","[['Nombre7', 'INMOBILIARIA TU FUTURO E.I.R.L.'], ['Correo7', 'inmobiliariatufuturo@hotmail.com']]","[['Nombre8', 'CONSTRUCTORA AQP S.A.C.'], ['Correo8', 'fannyjab@hotmail.com']]","[['Nombre9', 'INVERSIONES VICENTE TALAVERANO S.A.C. ""INVITA S.A.C.'], ['Correo9', 'invitasac@hotmail.com']]"
"[['Nombre0', 'INMOBILIA PERU S.R.L.'], ['Correo0', 'inmobiliaperu@gmail.com']]","[['Nombre1', 'SOLUCIONES INMOBILIARIAS EIRL'], ['Correo1', 'blasburfc@hotmail.com']]","[['Nombre2', 'EGALLA S.A.C.'], ['Correo2', 'elenacastilloc@hotmail.com']]","[['Nombre3', 'SCS INMOBILIARIA S.R.L.'], ['Correo3', 'scsinmobiliaria@hotmail.com']]","[['Nombre4', 'HOME AND INVESTMENTS SYSTEMS S.R. LTDA.'], ['Correo4', 'carmenzuazorocha@gmail.com']]","[['Nombre5', 'GRUPO CLAUX INMOBILIARIA S.A.C.'], ['Correo5', 'chiqui.claux@grupoclaux.com']]","[['Nombre6', 'PROMOTORA E INMOBILIARIA VIRGEN DE CHAPI'], ['Correo6', 'inmobiliaria-virgenchapi@hotmail.com']]","[['Nombre7', 'CONSTRUCTORA MARTINEZ S.A. CONTRATISTAS GENERALES (COMARSA)'], ['Correo7', 'comarsa@hotmail.com']]","[['Nombre8', 'CENTRO INMOBILIARIO MUNDO URBANO E.I.R.L.'], ['Correo8', '-']]","[['Nombre9', 'INMOBILIARIA CASTA S.R.L.'], ['Correo9', 'gerencia.ml@castainmobiliaria.com']]"
"[['Nombre0', 'EDUARDO IPARRAGUIRRE AGENTES INMOBILIARIOS S.A.C.'], ['Correo0', 'iparraguirre2009@hotmail.com']]","[['Nombre1', 'INMUEBLES A1 SAC'], ['Correo1', 'informes@inmueblesa1.com']]","[['Nombre2', 'MARTORELL Y ASOCIADOS SAC'], ['Correo2', 'pattymartorell@yahoo.es']]","[['Nombre3', 'WOODMAN CONSULTING INC S.R.L.'], ['Correo3', 'informes@woodmanconsulting.com']]","[['Nombre4', 'CONSTRUCTORA E INMOBILIARIA SAN ADRIAN S.A.'], ['Correo4', 'contabilidad@sa.com.pe']]","[['Nombre5', 'ESTRELLA CONSTRUCTORA E INMOBILIARIA E.I.R.L.'], ['Correo5', 'esconsin@gmail.com']]","[['Nombre6', 'SOLPLUNAL E.I.R.L.'], ['Correo6', 'solplunal@yahoo.es']]","[['Nombre7', 'IN SITU SAC'], ['Correo7', 'contacto@insitusac.com']]","[['Nombre8', 'THADDAEUS SRLTDA'], ['Correo8', 'nanyelias@gmail.com']]","[['Nombre9', 'M. CHANG BIENES RAICES E.I.R.L.'], ['Correo9', 'mchangb@gmail.com']]"
"[['Nombre0', 'GRUPO CASELLA S.A.C.'], ['Correo0', 'bcasella@casella.pe']]","[['Nombre1', 'J.E. CONSTRUCCIONES GENERALES S.A.'], ['Correo1', '-']]","[['Nombre2', 'ABBA DEL PERU S.A.'], ['Correo2', 'abba@abbadelperu.com']]","[['Nombre3', 'INVERSIONES PREMON S.A.C.'], ['Correo3', 'inpremon@yahoo.es']]","[['Nombre4', 'NEXO INGENIERIA S.A.C.'], ['Correo4', 'efraincoll@nexoingenieria.com']]","[['Nombre5', 'VALENCIA-DONGO & QUINTANILLA BIENES RAICES SRL'], ['Correo5', 'celina_vdc@star.com.pe']]","[['Nombre6', 'PERUVIAN GLOBAL SERVICES SAC'], ['Correo6', 'Informes@tupropiedadenperu.com']]","[['Nombre7', 'GRUPO ZIMMERMANN SAC'], ['Correo7', 'pattyz007@terra.com.pe']]","[['Nombre8', 'MULTIBIZ SERVICE EIRL (antes LIDERA INMOBILIARIA EIRL)'], ['Correo8', 'ncannata@lidera.pe']]","[['Nombre9', 'L&C PROYECTOS SAC'], ['Correo9', '-']]"
"[['Nombre0', 'MAPAS COMUNITARIOS S.R. LTDA.'], ['Correo0', 'molicasas@molicasas.com.pe']]","[['Nombre1', 'PROYEKTA BIENES RAICES SAC'], ['Correo1', 'inmuebles@proyektabienesraices.com']]","[['Nombre2', 'ESCOBEDO ASOCIADOS CONSTRUCTORA INMOBILIARIA SAC'], ['Correo2', 'escobedoasociados002@hotmail.com']]","[['Nombre3', 'AGENTES CORREDORES GENERALES SAC'], ['Correo3', 'lucygraceya@speedy.com.pe']]","[['Nombre4', 'INMOBILIARIA CONSTRUCTORA BIENES Y RAICES EIRL'], ['Correo4', 'casapropia-inmobiliaria@hotmail.com']]","[['Nombre5', 'INMOBILIARIA LOAYZA EIRL'], ['Correo5', 'efrafree@hotmail.com']]","[['Nombre6', 'DETEC PERU EIRL'], ['Correo6', 'johnsgonzalez1@hotmail.com']]","[['Nombre7', 'INMOBILIARIA CUNZA INGS CONSTRUCTORES EIRL'], ['Correo7', 'lucycunza@hotmail.com']]","[['Nombre8', 'S & T INMOBILIARIA SAC'], ['Correo8', 'itamayo@sytinmobiliaria.com']]","[['Nombre9', 'DISTRIBUIDORA LATINA SRL'], ['Correo9', 'disla2009@hotmail.com']]"
"[['Nombre0', 'RESPLANDECE SAC'], ['Correo0', 'silviaseminario@gmail.com']]","[['Nombre1', 'ANSA CONTRATISTAS SAC'], ['Correo1', 'informes@ansainmobiliaria.com']]","[['Nombre2', 'HOUSE & HOME REAL ESTATE CONSULTING S.A.'], ['Correo2', 'info@househomeperu.com']]","[['Nombre3', 'B & M INMOBILIARIA SRL'], ['Correo3', 'pilarmontagne@terra.com.pe']]","[['Nombre4', 'ESTUDIO CASANAVE SAC'], ['Correo4', 'estudiocasanave@yahoo.es']]","[['Nombre5', 'C & M SOCIEDAD CORREDORA DE BIENES RAICES SRL'], ['Correo5', 'gerenciacym@speedy.com.pe']]","[['Nombre6', 'DREAM HOUSE ASESORES INMOBILIARIOS SAC'], ['Correo6', 'irma.linaresdemahr@hotmail.com']]","[['Nombre7', 'INMOBILIARIA RIGA SAC'], ['Correo7', 'eugeniavalfre@speedy.com.pe']]","[['Nombre8', 'SERVICIOS INMOBILIARIOS CASABELLA EIRL'], ['Correo8', 'amparoavm@hotmail.com']]","[['Nombre9', 'INMOBILIARIA ARCHI S.A.C'], ['Correo9', 'grupoarchi@gmail.com']]"
"[['Nombre0', 'GRUPO INMOLIFE SCRL'], ['Correo0', 'eromero@inmolife.com']]","[['Nombre1', 'TU SITIO INMOBILIARIO S.A.C'], ['Correo1', 'roxana@remax.net.pe']]","[['Nombre2', 'AUTOCASAS SERVICIOS GENERALES EIRL'], ['Correo2', 'autocasas001@hotmail.com']]","[['Nombre3', 'G & F SOLUCIONES INMOBILIARIAS SAC'], ['Correo3', 'gferreyros@gfsolucionesinmobiliarias.com']]","[['Nombre4', 'INTERNATIONAL BUSINESS COMPANY PERU SAC'], ['Correo4', 'ibuscoperu@yahoo.com']]","[['Nombre5', 'FULL OPTIONS SAC'], ['Correo5', 'mildredcarreon@yahoo.com']]","[['Nombre6', 'INMOBILIARIA MARION PENDAVIS EIRL'], ['Correo6', 'marionpendavis@infonegocio.net.pe']]","[['Nombre7', 'ADVENTOURS TRAVEL MILLENIUM EIRL'], ['Correo7', 'dotoya@otoyacontadores.com']]","[['Nombre8', 'SERVICIOS INMOBILIARIOS MOLLY LUDMIR SAC'], ['Correo8', 'molly_inmobiliaria@hotmail.com']]","[['Nombre9', 'FASSIOLI & FLORES SAC'], ['Correo9', 'cecilia@fassioliflores.com']]"
"[['Nombre0', 'RID ASESORES EIRL'], ['Correo0', 'ringa@rid-peru.com']]","[['Nombre1', 'K & G PROMOTORA Y REPRESENTACIONES GENERALES EIRL'], ['Correo1', 'kygperu@gmail.com']]","[['Nombre2', 'IN SITU IN TEMPO SAC'], ['Correo2', 'marytrigo@yahoo.com']]","[['Nombre3', 'NELLA PONCE REALTY PERU SAC'], ['Correo3', 'nellaponce@gmail.com']]","[['Nombre4', 'PARAMETROS SCRL'], ['Correo4', 'alvaro@parametros.com.pe']]","[['Nombre5', 'SERLUZ SAC'], ['Correo5', 'luzsac@hotmail.com']]","[['Nombre6', 'CORRETAJE HNAS. DENEGRI SAC'], ['Correo6', '-']]","[['Nombre7', 'GRAF Y ASOCIADOS SAC'], ['Correo7', 'gerencia@alfredograf.com']]","[['Nombre8', 'RGT GALDOS-TANGUIS BIENES RAICES EIRL'], ['Correo8', 'roxanagt@rgtbienesraices.com']]","[['Nombre9', 'INMOBILIARIA ALTA TORRE SAC'], ['Correo9', 'inmoaltatorrep@hotmail.com']]"
"[['Nombre0', 'NEW IMPORT Y SERVICE EIRL'], ['Correo0', 'marcosrctx@terra.com']]","[['Nombre1', 'ESSEN MARK SA'], ['Correo1', 'gyaiglesias@gmail.com']]","[['Nombre2', 'HOME & BUSINESS SOLUTIONS SAC'], ['Correo2', 'lflores@hbsolutions.com.pe']]","[['Nombre3', 'CARMEN FERRER W. EIRL'], ['Correo3', 'carmenferrer@infonegocio.net.pe']]","[['Nombre4', 'DERWASI INGENIERIA Y CONSTRUCCION S.A.'], ['Correo4', 'farmijo@derwasi.com.pe']]","[['Nombre5', 'EDIFICACIONES INMOBILIARIAS SAC'], ['Correo5', 'esilva@edificacionesinmobiliarias.com']]","[['Nombre6', 'PROYECTOS E INVERSIONES PLAZA SAC'], ['Correo6', 'plazainmuebles@hotmail.com']]","[['Nombre7', 'METROPOLIS INMOBILIARIA Y CONSTRUCTORA SAC'], ['Correo7', 'willymetropolis@hotmail.com']]","[['Nombre8', 'TRANSACCIONES INMOBILIARIAS TABOADA EIRL'], ['Correo8', 'jpablotaboada@gmail.com']]","[['Nombre9', 'TESOROS DEL PERU EIRL'], ['Correo9', 'Jmujica@tesorosdelperu.org']]"
"[['Nombre0', 'JAUZ INMOBILIARIA SAC'], ['Correo0', 'pjaramillo@jauzinmobiliaria.com']]","[['Nombre1', 'PERU & U S.A.C'], ['Correo1', 'gerencia@peruyu.com.pe']]","[['Nombre2', 'OSEMAR INGENIEROS S.A'], ['Correo2', 'osemaringenieros@yahoo.com']]","[['Nombre3', 'CSR BIENES RAICES S.A.C'], ['Correo3', 'administracion@csr.com.pe']]","[['Nombre4', 'MORGENSTERN Y ASOCIADOS SAC'], ['Correo4', 'eydsaraf@yahoo.com']]","[['Nombre5', 'INMOBILIARIA E INVERSIONES EDIFICASA EIRL'], ['Correo5', 'inmobiliariaedificasa@hotmail.com']]","[['Nombre6', 'INVER HOUSING PERU EIRL'], ['Correo6', '-']]","[['Nombre7', 'PERU REALTORS ONLINE SAC'], ['Correo7', 'ventas@perurealtosonline.com']]","[['Nombre8', 'REALTY PARTNERS SAC'], ['Correo8', 'ebaez@realtyp.net']]","[['Nombre9', 'HATUM WASI HERNANDEZ BIENES RAICES EIRL'], ['Correo9', 'hatumwasibienesraices@yahoo.com']]"
"[['Nombre0', 'JAUZ INMOBILIARIA SAC'], ['Correo0', 'pjaramillo@jauzinmobiliaria.com']]","[['Nombre1', 'PERU & U S.A.C'], ['Correo1', 'gerencia@peruyu.com.pe']]","[['Nombre2', 'OSEMAR INGENIEROS S.A'], ['Correo2', 'osemaringenieros@yahoo.com']]","[['Nombre3', 'CSR BIENES RAICES S.A.C'], ['Correo3', 'administracion@csr.com.pe']]","[['Nombre4', 'MORGENSTERN Y ASOCIADOS SAC'], ['Correo4', 'eydsaraf@yahoo.com']]","[['Nombre5', 'INMOBILIARIA E INVERSIONES EDIFICASA EIRL'], ['Correo5', 'inmobiliariaedificasa@hotmail.com']]","[['Nombre6', 'INVER HOUSING PERU EIRL'], ['Correo6', '-']]","[['Nombre7', 'PERU REALTORS ONLINE SAC'], ['Correo7', 'ventas@perurealtosonline.com']]","[['Nombre8', 'REALTY PARTNERS SAC'], ['Correo8', 'ebaez@realtyp.net']]","[['Nombre9', 'HATUM WASI HERNANDEZ BIENES RAICES EIRL'], ['Correo9', 'hatumwasibienesraices@yahoo.com']]"
"[['Nombre0', 'INVERSIONES MARVEL SRL'], ['Correo0', 'adelmarv@hotmail.com']]","[['Nombre1', 'ROQUEMERINO SAC'], ['Correo1', 'o.rodriguez@roquemerino.com.pe']]","[['Nombre2', 'INVERSIONES INMOBILIARIAS SANTO DOMINGO SAC'], ['Correo2', 'josels@santodomingoinmobiliaria.com']]","[['Nombre3', 'ARTISTOLL S.A.C.'], ['Correo3', 'elsie@fernandezstoll.com']]","[['Nombre4', 'CIA INMOB. Y COMERCIAL MAGDALENA S.A.'], ['Correo4', 'cicomsa@ec-red.com']]","[['Nombre5', 'A & P SALINAS SERVICIOS GENERALES EIRL'], ['Correo5', 'gianninabatagelj@hotmail.com']]","[['Nombre6', 'MISPIRETA E HIJOS SAC'], ['Correo6', 'informes@inmobiliariamispiretas.com']]","[['Nombre7', 'PERALTTI NEGOCIOS INMOBILIARIOS S.A.C.'], ['Correo7', 'peralttinegocios@gmail.com']]","[['Nombre8', 'WAMIR SRL'], ['Correo8', 'wamir@infonegocio.net.pe']]","[['Nombre9', 'CONSORCIO ALAGON SAC'], ['Correo9', 'luisalagon@hotmail.com']]"
"[['Nombre0', 'GAB SAC'], ['Correo0', 'g.arredondo@gabinmobiliaria.com']]","[['Nombre1', 'A.E.I.O. EIRL'], ['Correo1', 'hnosiparraguirre@hnosiparraguirre.com']]","[['Nombre2', 'BUSCASA PERU EIRL'], ['Correo2', 'jaguilar@buscasaperu.com']]","[['Nombre3', 'VES GRUPO INMOBILIARIO S.A.C.'], ['Correo3', 'vesgrupoinmobiliario@gmail.com']]","[['Nombre4', 'INVERSIONES CASA JOVEN SAC'], ['Correo4', 'rociovenegas1969@yahoo.com']]","[['Nombre5', 'ALFAGI SAC'], ['Correo5', 'gianestela@gmail.com']]","[['Nombre6', 'INMOBILIARIA INCA WASI SCRL'], ['Correo6', 'imbincawasi@hotmail.com']]","[['Nombre7', 'GRUPO INMOBILIARIO LOS FAROS SAC'], ['Correo7', 'mskad0405@hotmail.com']]","[['Nombre8', 'JC DIVISION INMOBILIARIA SAC'], ['Correo8', 'Lourdes0708@hotmail.com']]","[['Nombre9', 'LIZARRAGA CONSTRUCTORA E INMOBILIARIA EIRL'], ['Correo9', 'arislizarraga@hotmail.com']]"
"[['Nombre0', 'QFER SRL'], ['Correo0', 'info@qfer.pe']]","[['Nombre1', 'CONSTRUCTORA E INMOBILIARIA MHO SAC'], ['Correo1', 'rmiagusuku@fasedos.com.pe']]","[['Nombre2', 'J & L ORTIZ SAC CONTRATISTAS GENERALES'], ['Correo2', 'mega_matse@hotmail.com']]","[['Nombre3', 'CONTACTOS INMOBILIARIOS SAC'], ['Correo3', 'ventas@contactosinmobiliarios.pe']]","[['Nombre4', 'GESTORES INMOBILIARIOS SAC'], ['Correo4', 'i_milla@gestores-inmobiliarios.com']]","[['Nombre5', 'HOYLE & ASOCIADOS GRUPO INMOBILIARIO SAC'], ['Correo5', 'informes@hoyleinmobiliaria.com']]","[['Nombre6', 'AMABRIZ SRL'], ['Correo6', 'asozab@hotmail.com']]","[['Nombre7', 'ADOLFO URBINA & ASOCIADOS S.R.L.'], ['Correo7', 'ventas@urbinaasociados.com']]","[['Nombre8', 'INVERSIONES INMOBILIARIAS DON GUILLERMO EIRL'], ['Correo8', 'lamercantilsrl@hotmail.com']]","[['Nombre9', 'INMOBILIARIA X SAC'], ['Correo9', 'info@inmobiliariax.com']]"
"[['Nombre0', 'BRACKSON EIRL'], ['Correo0', 'conwalter@yahoo.es']]","[['Nombre1', 'ALTERNATIVA INMOBILIARIA SAC'], ['Correo1', 'ventas@contactosinmobiliarios.pe']]","[['Nombre2', 'RDZ INGENIEROS ARQUITECTOS SAC'], ['Correo2', 'rdz.ingenieros.arquitectos@gmail.com']]","[['Nombre3', 'TRAPEZIO INMOBILIARIA SAC'], ['Correo3', 'trapezio.inmobiliaria@hotmail.com']]","[['Nombre4', 'SERVICIOS JULIO BARRAZA ANAYA EIRL'], ['Correo4', 'inmobiliariajuliobarraza@gmail.com']]","[['Nombre5', 'CONSTRUTEC INGENIEROS & ARQUITECTOS EIRL'], ['Correo5', 'construtecingenierosyarquitectos@hotmail.com']]","[['Nombre6', 'PORTALINKA SAC'], ['Correo6', 'portalinka@gmail.com']]","[['Nombre7', 'INGENIERIA Y VALUACIONES SA'], ['Correo7', 'ana_polar@hotmail.com']]","[['Nombre8', 'MUNDO INMOBILIARIO EMPRESARIAL SAC'], ['Correo8', 'mie_sac@hotmail.com']]","[['Nombre9', 'CASAS & DISEÑOS SAC'], ['Correo9', 'p_donayre@hotmail.com']]"
"[['Nombre0', 'SPAZIO ADMINISTRACION INMOBILIARIA SAC'], ['Correo0', 'info@spazioai.com']]","[['Nombre1', 'B & D GUTIERREZ ADMINISTRACION INMOBILIARIA SAC'], ['Correo1', 'inmobiliariagutierrez2014@hotmail.com']]","[['Nombre2', 'CONSULTORES INMOBILIARIOS REGISTRADOS SAC'], ['Correo2', 'info@cirsac.com']]","[['Nombre3', 'VNP INTERNATIONAL SAC'], ['Correo3', 'vnp_inmobiliaria@hotmail.com']]","[['Nombre4', 'INMOBILIARIAS ASOCIADAS SAC'], ['Correo4', 'soporte3@masterhouse.com']]","[['Nombre5', 'CONSTRUCTORA TALIDAS SAC'], ['Correo5', 'talidassac@gmail.com']]","[['Nombre6', 'SERMATEC CONSULTORES SAC'], ['Correo6', 'sermatec.consultores.2010@gmail.com']]","[['Nombre7', 'MANTYOBRAS SAC'], ['Correo7', 'mantyobras@yahoo.es']]","[['Nombre8', 'GRUPO INMOBILIARIO DEL SUR SAC'], ['Correo8', 'grupoinmobiliariodelsur@hotmail.com']]","[['Nombre9', 'PREMIUM PLUS HOME EIRL'], ['Correo9', 'info@premiumplushome.com']]"
"[['Nombre0', 'INMOBILIARIA LUROSS SAC'], ['Correo0', 'inmobiliarialuross@yahoo.com']]","[['Nombre1', 'DTOTALES INMOBILIARIA CONSULTORA CONSTRUCTORA SAC'], ['Correo1', 'dtotales@hotmail.com']]","[['Nombre2', 'PER GRUPO INMOBILIARIO SAC'], ['Correo2', 'rcavero@per.com.pe']]","[['Nombre3', 'AUTOSERVICIOS 2222 EIRL'], ['Correo3', 'autoservicios2222@hotmail.com']]","[['Nombre4', 'INVERSIONES BUNKER EIRL'], ['Correo4', 'mbunker@speedy.com.pe']]","[['Nombre5', 'C.M.I. INTERNATIONAL SAC'], ['Correo5', 'contact@cmi-peru.com']]","[['Nombre6', 'INCA HOME INMOBILIARIA SAC'], ['Correo6', 'fernando@incahome.pe']]","[['Nombre7', 'PACHECO BENAVIDES & ASOCIADOS EIRL'], ['Correo7', 'administracion@pachecobenavidesasociados.com']]","[['Nombre8', 'MASTER DECOR PERU EIRL'], ['Correo8', 'jcordero@masterdecorperu.com']]","[['Nombre9', 'EUREKA BUILDING & TECHNOLOGIES SRL'], ['Correo9', 'gerencia@eurekaperu.com']]"
"[['Nombre0', 'C.V CONTADORES-AUDITORES SAC'], ['Correo0', 'tcabada@hotmail.com']]","[['Nombre1', 'CAMELOT INMOBILIARIA SAC'], ['Correo1', 'inmobiliariacamelot@gmail.com']]","[['Nombre2', 'INTELIGENCIA INMOBILIARIA SAC'], ['Correo2', 'dzapatel@inteligenciainmobiliaria.biz']]","[['Nombre3', 'ALTO LAS VIÑAS SAC'], ['Correo3', 'altolasvinas@gmail.com']]","[['Nombre4', 'DMAYO SAC'], ['Correo4', 'edwing@dmayo.com']]","[['Nombre5', 'KORE S.A. PROMOTORES INMOBILIARIOS'], ['Correo5', 'j.fernandez@kore.com.pe']]","[['Nombre6', 'LA FINCA BIENES RAICES EIRL (antes SS MULTISERVICIOS EIRL)'], ['Correo6', 'sssa25@yahoo.com']]","[['Nombre7', 'GRUPO ALYSEB SAC'], ['Correo7', 'carbonimur@alyseb.com']]","[['Nombre8', 'CONSTRUCTORA INSAGA EIRL'], ['Correo8', 'constructora.insaga@hotmail.com']]","[['Nombre9', 'PROCITY REALTORS EIRL'], ['Correo9', 'ceciliamlevi@yahoo.com.mx']]"
"[['Nombre0', 'KENHOUSE EIRL'], ['Correo0', 'enriquebaba@gmail.com']]","[['Nombre1', 'CARLAMONICA SAC'], ['Correo1', 'ventas@proyectogirasoles.com']]","[['Nombre2', 'INMOBILIARIA PRADO VERDE SAC'], ['Correo2', 'jaisancar@hotmail.com']]","[['Nombre3', 'FRADES INMOBILIARIA SCRL'], ['Correo3', 'alesardon@hotmail.com']]","[['Nombre4', 'INMOBILIARIA CONSTRUCTORA CHECYA VALENCIA EIRL'], ['Correo4', '-']]","[['Nombre5', 'VTR SAC'], ['Correo5', 'eduardo.castellanos17@gmail.com']]","[['Nombre6', 'ABC INMUEBLES Y SERVICIOS SAC'], ['Correo6', 'abcinmuebles@yahoo.com']]","[['Nombre7', 'RESIDENTIAL SAC'], ['Correo7', 'informe@residentialperu.com']]","[['Nombre8', 'BULEVAR INMOBILIARIA SAC'], ['Correo8', 'felipebulevart@hotmail.com']]","[['Nombre9', 'DOOMO SOLUCIONES INMOBILIARIAS SA'], ['Correo9', 'doomo@doomo.com.pe']]"
"[['Nombre0', 'VILLARAN & RODRIGO SAC'], ['Correo0', 'jorgevillaran@villaran.com']]","[['Nombre1', 'NK PERU BORKERAGE FIRM SRL'], ['Correo1', 'vicente_caminodeluz@hotmail.com']]","[['Nombre2', 'QUALITY INMUEBLES SAC'], ['Correo2', 'jaguero@coldwellbankerperu.com']]","[['Nombre3', 'STRUO SAC'], ['Correo3', 'Jzavala@struo.com.pe']]","[['Nombre4', 'JACKAR INVERSIONES SAC'], ['Correo4', 'bertha_robles@hotmail.com']]","[['Nombre5', 'INMOBILIARIA CONSULVIP SRL'], ['Correo5', 'consulvip@peru.com']]","[['Nombre6', 'FUTURO BIENES RAICES SAC'], ['Correo6', 'futurobienesraices@peru.com']]","[['Nombre7', 'INMOBILIARIA CENTENIO EIRL'], ['Correo7', 'sjbhp@hotmail.com']]","[['Nombre8', 'GOLDEN DREAM HOMES SAC'], ['Correo8', 'infor@goldendreamhomes.net']]","[['Nombre9', 'QUALITY INVESTMENTS SAC'], ['Correo9', 'jaguero@qualityconstrucciones.com']]"
"[['Nombre0', 'VILLARAN & RODRIGO SAC'], ['Correo0', 'jorgevillaran@villaran.com']]","[['Nombre1', 'NK PERU BORKERAGE FIRM SRL'], ['Correo1', 'vicente_caminodeluz@hotmail.com']]","[['Nombre2', 'QUALITY INMUEBLES SAC'], ['Correo2', 'jaguero@coldwellbankerperu.com']]","[['Nombre3', 'STRUO SAC'], ['Correo3', 'Jzavala@struo.com.pe']]","[['Nombre4', 'JACKAR INVERSIONES SAC'], ['Correo4', 'bertha_robles@hotmail.com']]","[['Nombre5', 'INMOBILIARIA CONSULVIP SRL'], ['Correo5', 'consulvip@peru.com']]","[['Nombre6', 'FUTURO BIENES RAICES SAC'], ['Correo6', 'futurobienesraices@peru.com']]","[['Nombre7', 'INMOBILIARIA CENTENIO EIRL'], ['Correo7', 'sjbhp@hotmail.com']]","[['Nombre8', 'GOLDEN DREAM HOMES SAC'], ['Correo8', 'infor@goldendreamhomes.net']]","[['Nombre9', 'QUALITY INVESTMENTS SAC'], ['Correo9', 'jaguero@qualityconstrucciones.com']]"
"[['Nombre0', 'UTIRENOVA SAC'], ['Correo0', 'johnduinmaijer@hotmail.com']]","[['Nombre1', 'JHS SOLUCIONES INMOBILIARIAS SA'], ['Correo1', 'rtr.tumi@gmail.com']]","[['Nombre2', 'PROINVERT INMOBILIARIA EIRL'], ['Correo2', 'ingcivmel@gmail.com']]","[['Nombre3', 'NEGOCIOS INTERNACIONALES PERU SAC'], ['Correo3', 'nei1781@hotmail.com']]","[['Nombre4', 'INMOBILIARIA JOSE ANTONIO MACHUCA ORTIZ EIRL'], ['Correo4', 'jamo@jamo.com.pe']]","[['Nombre5', 'PUNTO AUREO EIRL'], ['Correo5', 'malena.mendiola@gmail.com']]","[['Nombre6', 'CAÑAMERO & CHAU INTERNACIONAL SAC'], ['Correo6', 'renzo@casaofertasperu.com']]","[['Nombre7', 'CALIDEZ INMOBILIARIA ADMINISTRACION SAC'], ['Correo7', 'chermozav@hotmail.com']]","[['Nombre8', 'RAIG INMOBILIARIA SAC'], ['Correo8', 'gladysgiraldo2010@hotmail.com']]","[['Nombre9', 'MENDOZA INGUNZA INMOBILIARIA SA'], ['Correo9', 'ventas@mi-inmobiliaria.org']]"
"[['Nombre0', 'JONKER INVESTMENT CORPORATION SAC'], ['Correo0', 'contabilidad@jonker.corp.com']]","[['Nombre1', 'COMPAÑÍA PERUANA DE CONSTRUCCIONES Y SERVICIOS GENERALES SAC'], ['Correo1', 'copecsac@terra.com.pe']]","[['Nombre2', 'VIDA GRUPO INMOBILIARIO EIRL'], ['Correo2', 'vidagrupoinmobiliariosac@hotmail.com']]","[['Nombre3', 'OFALDI EIRL'], ['Correo3', 'informes@ofaldi.com']]","[['Nombre4', 'GIORDISHOUSE INMOBILIARIA SRL'], ['Correo4', 'giordanomerz62@hotmail.com']]","[['Nombre5', 'LAPPSA ORGANIZACIÓN INMOBILIARIA SA'], ['Correo5', 'dsanabria@lappsa.com']]","[['Nombre6', 'INMOBILIARIA Y CONSTRUCTORA HILCAR INGENIEROS EIRL'], ['Correo6', 'hilcaringeni@hotmail.com']]","[['Nombre7', 'PERULISTINGS SAC'], ['Correo7', 'tonymejia@perulistings.com']]","[['Nombre8', 'PROYECTA HOME SAC'], ['Correo8', 'ecasas@proyectahome.com']]","[['Nombre9', 'INMOBILIARIA FERDEL SAC'], ['Correo9', 'alfredo@delirsa.com']]"
"[['Nombre0', 'RENTBROKERS EIRL'], ['Correo0', 'eddyleith@gmaial.com']]","[['Nombre1', 'SPACIO GRUPO INMOBILIARIO SAC'], ['Correo1', 'rosaluzbienesraices@hotmail.com']]","[['Nombre2', 'CONSULTORES E INVERSIONES EVITA SAC'], ['Correo2', 'fcasapino@gmail.com']]","[['Nombre3', 'CONSORCIO SINERGIA SAC'], ['Correo3', 'mdc@consorciosinergia.com']]","[['Nombre4', 'ROSE CORPORACION SAC'], ['Correo4', 'administracion@rosecorp.net']]","[['Nombre5', 'C & L INMOBILIARIA SAC'], ['Correo5', 'cyl_inmobiliaria@yahoo.com']]","[['Nombre6', 'H & M CONSULTORES ASOCIADOS SAC'], ['Correo6', 'marielmalpartida@3kasas.com']]","[['Nombre7', 'VERSUS GALERIA SAC'], ['Correo7', 'joseluisgamboa@gmail.com']]","[['Nombre8', 'INMOBILIARIA RIPACANDIA EIRL'], ['Correo8', 'inmobiliariaripacandia109@hotmail.com']]","[['Nombre9', 'IMOVEL SAC'], ['Correo9', 'informes@imovel.pe']]"
"[['Nombre0', 'AMONT TRADING SAC'], ['Correo0', 'volvex@outlook.com']]","[['Nombre1', 'HERMANOS SANCHEZ LEANDRO SAC.'], ['Correo1', 'ciclesa_arqdora@hotmail.com']]","[['Nombre2', 'INMOBILIARIA E INVERSIONES ROSAPEREZ SAC'], ['Correo2', 'rosaperez.inmobiliaria@gmail.com']]","[['Nombre3', 'INMOBILIARIA ALCOS EIRL'], ['Correo3', 'armlob@hotmail.com']]","[['Nombre4', 'CGC GROUP SAC'], ['Correo4', 'cgc.group.1@gmail.com']]","[['Nombre5', 'COLMEN @ SRL'], ['Correo5', 'colmen_@hotmail.com']]","[['Nombre6', 'M LUJAN EIRL'], ['Correo6', 'gerencia@inmobiliariamlujan.com']]","[['Nombre7', 'GDC INVERSIONES E.I.R.L.'], ['Correo7', 'gdcinversiones@yahoo.com']]","[['Nombre8', 'TOPSUR INVERSIONES S.R.L.'], ['Correo8', 'livingperuana@hotmail.com']]","[['Nombre9', 'DWS PERU S.A.C.'], ['Correo9', 'jlopez@dwsperu.com']]"
